id,heading,heading_vi,text,text_vi,note,note_vi,gives,status,next,choice_1_label,choice_1_label_vi,choice_1_proverb,choice_1_next,choice_2_label,choice_2_label_vi,choice_2_proverb,choice_2_next
intro1,,,You need the holy relics to defeat the Demon King.,,,,,,intro2,,,,,,,,
intro2,,,"Go find them, bro.",,,,,,intro3,,,,,,,,
intro3,,,You skedaddled and started your journey.,,,,,,temple,,,,,,,,
temple,,,You arrive at an ancient temple. In front of you are 3 passages.,,,,,,search1,,,,,,,,
search1,,,"After searching around for a while, you find a note on the ground.",,"The first shall grant thee safety,
The second fortune untold,
But only a fool ...",,,,note-missing,,,,,,,,
note-missing,,,The rest of the note seems to be missing.,,"The first shall grant thee safety,
The second fortune untold,
But only a fool ...",,,,advice1,,,,,,,,
advice1,,,What advice do you give?,,"The first shall grant thee safety,
The second fortune untold,
But only a fool ...",,,,,,,A little knowledge is a dangerous thing,search2,,,He who hesitates is lost,trap
search2,,,You decide to search for another hour for possible clues. You find another torn note beneath some rubble.,,"The first shall grant thee safety,
The second fortune untold,
But only a fool would trust their words,
For the third holds secrets never told.",,,,passage3,,,,,,,,
passage3,,,You go into the 3rd passage and find the Breastplate of Earth.,,,,Breastplate of Earth,,barrier1,,,,,,,,
trap,,,"You decide to enter one of the two passages. However, you soon realize it was a trap.",,,,,,escape,,,,,,,,
escape,,,"Fortunately, you managed to escape. A little knowledge [[can be dangerous|a little knowledge is a dangerous thing]], after all! The passage to the first relic is now sealed forever.",,,,,,barrier1,,,,,,,,
barrier1,MAGIC BARRIER,,"You have reached the summit of a snowy mountain. However, you soon realize that your passage to the 2nd relic is blocked by a magical gate.",,"Beyond the gate lies relics of old,
Take the winding path, if haste you hold,
But those who wait shall find the gate opened when the moon grows bold.",,,,barrier2,,,,,,,,
barrier2,MAGIC BARRIER,,"You search around for possible clues. Alongside the sign, you find another path leading to the 2nd relic. While it looks somewhat dangerous, the weather is favorable enough to cross it. Who knows how long that will last?",,"Beyond the gate lie relics of old,
Take the winding path, if haste you hold,
Yet those who wait, when the moon shines bright,
Shall find their way by silver light.",,,,advice2,,,,,,,,
advice2,MAGIC BARRIER,,What advice do you give?,,"Beyond the gate lie relics of old,
Take the winding path, if haste you hold,
Yet those who wait, when the moon shines bright,
Shall find their way by silver light.",,,,,,,Make hay while the sun shines,hay,,,Good things come to those who wait,wait
hay,MAGIC BARRIER,,"You decide to go up the path. While things go smoothly at first, you injure yourself badly by slipping on the ice. Nevertheless, you get the relic.",,,,Shield of Frost,Injury,end,,,,,,,,
wait,MAGIC BARRIER,,You decide to wait until the moon rises. The magical gate disappears and you get the 2nd relic.,,,,Shield of Frost,,end,,,,,,,,
end,,,The Demon King awaits. To be continued...,,,,,,,,,,,,,,