word,forms,meaning,meaning_vi,example,example_vi
relic,,"A very old and special object from the past, often with religious or magical importance.",,"The museum keeps a relic from an ancient temple.",
skedaddle,,"To run away quickly (a funny, informal word).",,"The kids skedaddled when they heard the teacher coming.",
rubble,,"Broken pieces of stone or brick from a building that has fallen down.",,"The old wall had turned into a pile of rubble.",
summit,,"The very top of a mountain.",,"They reached the summit just before sunrise.",
haste,,"Great speed in doing something, often too fast to be careful.",,"In his haste, he forgot his keys.",
winding,,"Having many curves and bends.",,"We followed a winding road up the hill.",
grant,,"To give something to someone, or to allow it.",,"The king granted them permission to enter.",
fool,,"A person who acts without thinking or good sense.",,"Only a fool would ignore the warning.",
seal,,"To close something completely so nothing can get in or out.",,"The workers sealed the door with stone.",
favorable,favourable,"Good or helpful for what you want to do.",,"The weather was favorable for sailing.",
injure,,"To hurt a person or animal.",,"He injured his knee while running.",
untold,,"Too many or too great to be counted or told.",,"The cave held untold riches.",
thee,,"An old word for you (the person you are speaking to).",,"I give thee my thanks.",